<!DOCTYPE suite SYSTEM "http://testng.org/testng-1.0.dtd">
<suite name="Parallel Test Suite" parallel="tests" thread-count="2">
    <test name="Chrome Test">
        <parameter name="browser" value="chrome"/>
        <classes>
            <class name="tests.RegistrationTest"/>
        </classes>
    </test>
    <test name="Edge Test">
        <parameter name="browser" value="edge"/>
        <classes>
            <class name="tests.RegistrationTest"/>
        </classes>
    </test>
</suite>
